valheim|0|6||C:/Users/Justus/Videos/2025-09-03 23-52-27.mp4||||||||
miniland|1|2||C:/Users/Justus/Videos/2025-07-16 23-07-56.mp4|C:\Users\Justus\lprt\audio\1_miniland_track_mic.aac|C:\Users\Justus\lprt\audio\1_miniland_track_desktop.aac|C:\Users\Justus\lprt\audio_fixed\1_miniland_track_mic_fixed.aac|||||
miniland|2|2||C:/Users/Justus/Videos/2025-07-16 23-08-29.mp4|C:\Users\Justus\lprt\audio\2_miniland_track_mic.aac|C:\Users\Justus\lprt\audio\2_miniland_track_desktop.aac|C:\Users\Justus\lprt\audio_fixed\2_miniland_track_mic_fixed.aac|||||
miniland|3|2||C:/Users/Justus/Videos/2025-07-16 23-23-52.mp4|C:\Users\Justus\lprt\audio\3_miniland_track_mic.aac|C:\Users\Justus\lprt\audio\3_miniland_track_desktop.aac|C:\Users\Justus\lprt\audio_fixed\3_miniland_track_mic_fixed.aac|||||
miniland|4|2||C:/Users/Justus/Videos/2025-07-16 23-41-15.mp4|C:\Users\Justus\lprt\audio\4_miniland_track_mic.aac|C:\Users\Justus\lprt\audio\4_miniland_track_desktop.aac|C:\Users\Justus\lprt\audio_fixed\4_miniland_track_mic_fixed.aac|||||
miniland|5|2||C:/Users/Justus/Videos/2025-07-16 23-56-59.mp4|C:\Users\Justus\lprt\audio\5_miniland_track_mic.aac|C:\Users\Justus\lprt\audio\5_miniland_track_desktop.aac|C:\Users\Justus\lprt\audio_fixed\5_miniland_track_mic_fixed.aac|||||
miniland|6|2||C:/Users/Justus/Videos/2025-07-17 00-19-53.mp4|C:\Users\Justus\lprt\audio\6_miniland_track_mic.aac|C:\Users\Justus\lprt\audio\6_miniland_track_desktop.aac|C:\Users\Justus\lprt\audio_fixed\6_miniland_track_mic_fixed.aac|||||
miniland|7|2||C:/Users/Justus/Videos/2025-07-17 00-35-44.mp4|C:\Users\Justus\lprt\audio\7_miniland_track_mic.aac|C:\Users\Justus\lprt\audio\7_miniland_track_desktop.aac|C:\Users\Justus\lprt\audio_fixed\7_miniland_track_mic_fixed.aac|||||
miniland|8|2||C:/Users/Justus/Videos/2025-07-17 00-51-36.mp4|C:\Users\Justus\lprt\audio\8_miniland_track_mic.aac|C:\Users\Justus\lprt\audio\8_miniland_track_desktop.aac|C:\Users\Justus\lprt\audio_fixed\8_miniland_track_mic_fixed.aac|||||
miniland|9|2||C:/Users/Justus/Videos/2025-07-17 01-06-46.mp4|C:\Users\Justus\lprt\audio\9_miniland_track_mic.aac|C:\Users\Justus\lprt\audio\9_miniland_track_desktop.aac|C:\Users\Justus\lprt\audio_fixed\9_miniland_track_mic_fixed.aac|||||
miniland|10|2||C:/Users/Justus/Videos/2025-07-17 01-29-12.mp4|C:\Users\Justus\lprt\audio\10_miniland_track_mic.aac|C:\Users\Justus\lprt\audio\10_miniland_track_desktop.aac|C:\Users\Justus\lprt\audio_fixed\10_miniland_track_mic_fixed.aac|||||
miniland|11|2||C:/Users/Justus/Videos/2025-07-17 01-45-05.mp4|C:\Users\Justus\lprt\audio\11_miniland_track_mic.aac|C:\Users\Justus\lprt\audio\11_miniland_track_desktop.aac|C:\Users\Justus\lprt\audio_fixed\11_miniland_track_mic_fixed.aac|||||
miniland|12|2||C:/Users/Justus/Videos/2025-07-17 01-59-59.mp4|C:\Users\Justus\lprt\audio\12_miniland_track_mic.aac|C:\Users\Justus\lprt\audio\12_miniland_track_desktop.aac|C:\Users\Justus\lprt\audio_fixed\12_miniland_track_mic_fixed.aac|||||
miniland|13|2||C:/Users/Justus/Videos/2025-07-17 02-18-34.mp4|C:\Users\Justus\lprt\audio\13_miniland_track_mic.aac|C:\Users\Justus\lprt\audio\13_miniland_track_desktop.aac|C:\Users\Justus\lprt\audio_fixed\13_miniland_track_mic_fixed.aac|||||
miniland|14|2||C:/Users/Justus/Videos/2025-07-17 23-13-49.mp4|C:\Users\Justus\lprt\audio\14_miniland_track_mic.aac|C:\Users\Justus\lprt\audio\14_miniland_track_desktop.aac|C:\Users\Justus\lprt\audio_fixed\14_miniland_track_mic_fixed.aac|||||
miniland|15|2||C:/Users/Justus/Videos/2025-07-17 23-30-52.mp4|C:\Users\Justus\lprt\audio\15_miniland_track_mic.aac|C:\Users\Justus\lprt\audio\15_miniland_track_desktop.aac|C:\Users\Justus\lprt\audio_fixed\15_miniland_track_mic_fixed.aac|||||
miniland|16|2||C:/Users/Justus/Videos/2025-07-17 23-46-33.mp4|C:\Users\Justus\lprt\audio\16_miniland_track_mic.aac|C:\Users\Justus\lprt\audio\16_miniland_track_desktop.aac|C:\Users\Justus\lprt\audio_fixed\16_miniland_track_mic_fixed.aac|||||
miniland|17|2||C:/Users/Justus/Videos/2025-07-18 00-12-23.mp4|C:\Users\Justus\lprt\audio\17_miniland_track_mic.aac|C:\Users\Justus\lprt\audio\17_miniland_track_desktop.aac|C:\Users\Justus\lprt\audio_fixed\17_miniland_track_mic_fixed.aac|||||
minecraft|18|1||C:/Users/Justus/Videos/2025-07-20 22-16-16.mp4||||||||
minecraft|19|1||C:/Users/Justus/Videos/2025-07-20 22-34-53.mp4||||||||
minecraft|20|1||C:/Users/Justus/Videos/2025-07-20 23-14-33.mp4||||||||
minecraft|21|1||C:/Users/Justus/Videos/2025-07-20 23-47-34.mp4||||||||
minecraft|22|1||C:/Users/Justus/Videos/2025-07-21 23-32-05.mp4||||||||
minecraft|23|1||C:/Users/Justus/Videos/2025-07-22 00-02-51.mp4||||||||
minecraft|24|1||C:/Users/Justus/Videos/2025-07-22 00-42-17.mp4||||||||
minecraft|25|1||C:/Users/Justus/Videos/2025-07-22 01-16-52.mp4||||||||
test1|34|4||C:/Users/Justus/Videos/2025-08-04 01-58-45.mp4|C:\Users\Justus\lprt\audio_fixed\1_test1_track_mic_fixed.aac|C:\Users\Justus\lprt\audio\1_test1_track_desktop.aac||||||
test1|35|4||C:/Users/Justus/Videos/2025-08-04 01-59-27.mp4|C:\Users\Justus\lprt\audio_fixed\2_test1_track_mic_fixed.aac|C:\Users\Justus\lprt\audio\2_test1_track_desktop.aac||||||
test1|36|4||C:/Users/Justus/Videos/2025-08-04 02-00-44.mp4|C:\Users\Justus\lprt\audio_fixed\3_test1_track_mic_fixed.aac|C:\Users\Justus\lprt\audio\3_test1_track_desktop.aac||||||
test1|37|4||C:/Users/Justus/Videos/2025-08-04 02-01-00.mp4|C:\Users\Justus\lprt\audio_fixed\4_test1_track_mic_fixed.aac|C:\Users\Justus\lprt\audio\4_test1_track_desktop.aac||||||
test1|38|4||C:/Users/Justus/Videos/2025-08-04 13-26-12.mp4|C:\Users\Justus\lprt\audio_fixed\5_test1_track_mic_fixed.aac|C:\Users\Justus\lprt\audio\5_test1_track_desktop.aac||||||
minecraft|39|1|C:\Users\Justus\lprt\thumbnails\9_minecraft_thumbnail.png|C:/Users/Justus/Videos/2025-08-04 22-49-23.mp4|C:\Users\Justus\lprt\audio\9_minecraft_mic.aac|C:\Users\Justus\lprt\audio\9_minecraft_desktop.aac|C:\Users\Justus\lprt\audio_fixed\9_minecraft_track_mic_fixed.aac|C:/Users/Justus/lprt/audio_fixed/audacity_export/_-01.aac|C:\Users\Justus\lprt\video\9_minecraft_s14_final.mp4||Die verschollenen Episoden &Ouml;|
minecraft|40|1|C:\Users\Justus\lprt\thumbnails\10_minecraft_thumbnail.png|C:/Users/Justus/Videos/2025-08-04 23-09-58.mp4|C:\Users\Justus\lprt\audio\10_minecraft_mic.aac|C:\Users\Justus\lprt\audio\10_minecraft_desktop.aac|C:\Users\Justus\lprt\audio_fixed\10_minecraft_track_mic_fixed.aac|C:/Users/Justus/lprt/audio_fixed/audacity_export/_-02.aac|C:\Users\Justus\lprt\video\10_minecraft_s14_final.mp4||Reden & zerlegen|
minecraft|41|1|C:\Users\Justus\lprt\thumbnails\11_minecraft_thumbnail.png|C:/Users/Justus/Videos/2025-08-04 23-38-38.mp4|C:\Users\Justus\lprt\audio\11_minecraft_mic.aac|C:\Users\Justus\lprt\audio\11_minecraft_desktop.aac|C:\Users\Justus\lprt\audio_fixed\11_minecraft_track_mic_fixed.aac|C:/Users/Justus/lprt/audio_fixed/audacity_export/_-11.aac|C:\Users\Justus\lprt\video\11_minecraft_s14_final.mp4||Was w&auml;re wenn?|
minecraft|42|1|C:\Users\Justus\lprt\thumbnails\12_minecraft_thumbnail.png|C:/Users/Justus/Videos/2025-08-07 20-51-27.mp4|C:\Users\Justus\lprt\audio\12_minecraft_mic.aac|C:\Users\Justus\lprt\audio\12_minecraft_desktop.aac|C:\Users\Justus\lprt\audio_fixed\12_minecraft_track_mic_fixed.aac|C:\Users\Justus\lprt\audio_fixed\11_track_mic_fixed_ac.aac|C:\Users\Justus\lprt\video\12_minecraft_s14_final.mp4||Die Technik Junge! Die Technik!|
minecraft|43|1|C:\Users\Justus\lprt\thumbnails\13_minecraft_thumbnail.png|C:/Users/Justus/Videos/2025-08-07 21-15-50.mp4|C:\Users\Justus\lprt\audio\13_minecraft_mic.aac|C:\Users\Justus\lprt\audio\13_minecraft_desktop.aac|C:\Users\Justus\lprt\audio_fixed\13_minecraft_track_mic_fixed.aac|C:\Users\Justus\lprt\audio_fixed\12_track_mic_fixed_ac.aac|C:\Users\Justus\lprt\video\13_minecraft_s14_final.mp4||Nadel&auml;ngste|
minecraft|44|1|C:\Users\Justus\lprt\thumbnails\14_minecraft_thumbnail.png|C:/Users/Justus/Videos/2025-08-07 21-39-50.mp4|C:\Users\Justus\lprt\audio\14_minecraft_mic.aac|C:\Users\Justus\lprt\audio\14_minecraft_desktop.aac|C:\Users\Justus\lprt\audio_fixed\14_minecraft_track_mic_fixed.aac|C:\Users\Justus\lprt\audio_fixed\13_track_mic_fixed_ac.aac|C:\Users\Justus\lprt\video\14_minecraft_s14_final.mp4||Ganz oder in Scheiben?|
minecraft|45|1|C:\Users\Justus\lprt\thumbnails\15_minecraft_thumbnail.png|C:/Users/Justus/Videos/2025-08-07 22-29-10.mp4|C:\Users\Justus\lprt\audio\15_minecraft_mic.aac|C:\Users\Justus\lprt\audio\15_minecraft_desktop.aac|C:\Users\Justus\lprt\audio_fixed\15_minecraft_track_mic_fixed.aac|C:\Users\Justus\lprt\audio_fixed\14_track_mic_fixed_ac.aac|C:\Users\Justus\lprt\video\15_minecraft_s14_final.mp4||Ulkige H&ouml;hlenforschung|
minecraft|46|1|C:\Users\Justus\lprt\thumbnails\16_minecraft_thumbnail.png|C:/Users/Justus/Videos/2025-08-07 22-54-21.mp4|C:\Users\Justus\lprt\audio\16_minecraft_mic.aac|C:\Users\Justus\lprt\audio\16_minecraft_desktop.aac|C:\Users\Justus\lprt\audio_fixed\16_minecraft_track_mic_fixed.aac|C:\Users\Justus\lprt\audio_fixed\15_track_mic_fixed_ac.aac|C:\Users\Justus\lprt\video\16_minecraft_s14_final.mp4||W&uuml;stenexpedition mit Haken & Zombies|
minecraft|47|1|C:\Users\Justus\lprt\thumbnails\17_minecraft_thumbnail.png|C:/Users/Justus/Videos/2025-08-07 23-17-23.mp4|C:\Users\Justus\lprt\audio\17_minecraft_mic.aac|C:\Users\Justus\lprt\audio\17_minecraft_desktop.aac|C:\Users\Justus\lprt\audio_fixed\17_minecraft_track_mic_fixed.aac|C:\Users\Justus\lprt\audio_fixed\16_track_mic_fixed_ac.aac|C:\Users\Justus\lprt\video\17_minecraft_s14_final.mp4||Das Piratenschiff!|
minecraft|48|1|C:\Users\Justus\lprt\thumbnails\18_minecraft_thumbnail.png|C:/Users/Justus/Videos/2025-08-08 00-00-28.mp4|C:\Users\Justus\lprt\audio\18_minecraft_mic.aac|C:\Users\Justus\lprt\audio\18_minecraft_desktop.aac|C:\Users\Justus\lprt\audio_fixed\18_minecraft_track_mic_fixed.aac|C:\Users\Justus\lprt\audio_fixed\17_track_mic_fixed_ac.aac|C:\Users\Justus\lprt\video\18_minecraft_s14_final.mp4||&Uuml;ber Knochen & F&auml;sser|
minecraft|49|1|C:\Users\Justus\lprt\thumbnails\19_minecraft_thumbnail.png|C:/Users/Justus/Videos/2025-08-08 00-24-10.mp4|C:\Users\Justus\lprt\audio\19_minecraft_mic.aac|C:\Users\Justus\lprt\audio\19_minecraft_desktop.aac|C:\Users\Justus\lprt\audio_fixed\19_minecraft_track_mic_fixed.aac|C:\Users\Justus\lprt\audio_fixed\18_track_mic_fixed_ac.aac|C:\Users\Justus\lprt\video\19_minecraft_s14_final.mp4||Spitzhackenbohrerdingens RATATA!|
minecraft|50|1|C:\Users\Justus\lprt\thumbnails\20_minecraft_thumbnail.png|C:/Users/Justus/Videos/2025-08-08 00-47-39.mp4|C:\Users\Justus\lprt\audio\20_minecraft_mic.aac|C:\Users\Justus\lprt\audio\20_minecraft_desktop.aac|C:\Users\Justus\lprt\audio_fixed\20_minecraft_track_mic_fixed.aac|C:\Users\Justus\lprt\audio_fixed\19_track_mic_fixed_ac.aac|C:\Users\Justus\lprt\video\20_minecraft_s14_final.mp4||&Ouml;rly Axes... glaub ich|
test1|51|4||C:/Users/Justus/Videos/2025-08-10 20-16-03.mp4||||||||
test1|52|4||C:/Users/Justus/Videos/2025-08-10 20-18-22.mp4||||||||
test1|53|4||C:/Users/Justus/Videos/2025-08-10 20-23-03.mp4||||||||
test1|54|4||C:/Users/Justus/Videos/2025-08-10 20-23-03.mp4||||||||
test1|55|4||C:/Users/Justus/Videos/2025-08-10 20-23-48.mp4||||||||
7_days_to_die_staffel_zwei|56|5||C:/Users/Justus/Videos/2025-08-11 21-43-30.mp4||||||||
7_days_to_die_staffel_zwei|57|5||C:/Users/Justus/Videos/2025-08-11 22-37-16.mp4||||||||
7_days_to_die_staffel_zwei|58|5||C:/Users/Justus/Videos/2025-08-11 22-58-01.mp4||||||||
7_days_to_die_staffel_zwei|59|5||C:/Users/Justus/Videos/2025-08-11 23-26-25.mp4||||||||
7_days_to_die_staffel_zwei|60|5||C:/Users/Justus/Videos/2025-08-11 23-57-10.mp4||||||||
minecraft|61|1|C:\Users\Justus\lprt\thumbnails\21_minecraft_thumbnail.png|C:/Users/Justus/Videos/2025-08-13 22-12-06.mp4|C:\Users\Justus\lprt\audio\21_minecraft_mic.aac|C:\Users\Justus\lprt\audio\21_minecraft_desktop.aac|C:\Users\Justus\lprt\audio_fixed\21_minecraft_track_mic_fixed.aac|C:\Users\Justus\lprt\audio_fixed\20_track_mic_fixed_ac.aac|C:\Users\Justus\lprt\video\21_minecraft_s14_final.mp4||Abtrag im Auftrag|
minecraft|62|1|C:\Users\Justus\lprt\thumbnails\22_minecraft_thumbnail.png|C:/Users/Justus/Videos/2025-08-13 22-51-44.mp4|C:\Users\Justus\lprt\audio\22_minecraft_mic.aac|C:\Users\Justus\lprt\audio\22_minecraft_desktop.aac|C:\Users\Justus\lprt\audio_fixed\22_minecraft_track_mic_fixed.aac|C:\Users\Justus\lprt\audio_fixed\21_track_mic_fixed_ac.aac|C:\Users\Justus\lprt\video\22_minecraft_s14_final.mp4|||
minecraft|63|1|C:\Users\Justus\lprt\thumbnails\23_minecraft_thumbnail.png|C:/Users/Justus/Videos/2025-08-13 23-25-16.mp4|C:\Users\Justus\lprt\audio\23_minecraft_mic.aac|C:\Users\Justus\lprt\audio\23_minecraft_desktop.aac|C:\Users\Justus\lprt\audio_fixed\23_minecraft_track_mic_fixed.aac|C:\Users\Justus\lprt\audio_fixed\22_track_mic_fixed_ac.aac|C:\Users\Justus\lprt\video\23_minecraft_s14_final.mp4|||
minecraft|64|1|C:\Users\Justus\lprt\thumbnails\24_minecraft_thumbnail.png|C:/Users/Justus/Videos/2025-08-14 00-03-03.mp4|C:\Users\Justus\lprt\audio\24_minecraft_mic.aac|C:\Users\Justus\lprt\audio\24_minecraft_desktop.aac|C:\Users\Justus\lprt\audio_fixed\24_minecraft_track_mic_fixed.aac|C:\Users\Justus\lprt\audio_fixed\23_track_mic_fixed_ac.aac|C:\Users\Justus\lprt\video\24_minecraft_s14_final.mp4|||
minecraft|65|1|C:\Users\Justus\lprt\thumbnails\25_minecraft_thumbnail.png|C:/Users/Justus/Videos/2025-08-18 21-25-15.mp4|C:\Users\Justus\lprt\audio\25_minecraft_mic.aac|C:\Users\Justus\lprt\audio\25_minecraft_desktop.aac|C:\Users\Justus\lprt\audio_fixed\25_minecraft_track_mic_fixed.aac|C:\Users\Justus\lprt\audio_fixed\24_track_mic_fixed_ac.aac|C:\Users\Justus\lprt\video\25_minecraft_s14_final.mp4||test1|
minecraft|66|1|C:\Users\Justus\lprt\thumbnails\26_minecraft_thumbnail.png|C:/Users/Justus/Videos/2025-08-18 21-47-10.mp4|C:\Users\Justus\lprt\audio\26_minecraft_mic.aac|C:\Users\Justus\lprt\audio\26_minecraft_desktop.aac|C:\Users\Justus\lprt\audio_fixed\26_minecraft_track_mic_fixed.aac|C:\Users\Justus\lprt\audio_fixed\25_track_mic_fixed_ac.aac|C:\Users\Justus\lprt\video\26_minecraft_s14_final.mp4||test|
valheim|67|6|C:\Users\Justus\lprt\thumbnails\1_valheim_thumbnail.png|C:/Users/Justus/Videos/2025-08-18 22-16-54.mp4|C:\Users\Justus\lprt\audio\1_valheim_mic.aac|C:\Users\Justus\lprt\audio\1_valheim_desktop.aac|C:\Users\Justus\lprt\audio_fixed\1_valheim_track_mic_fixed.aac|C:\Users\Justus\lprt\audio_fixed\0_track_mic_fixed_ac.aac|C:\Users\Justus\lprt\video\1_valheim_final.mp4||Willkommen in Valheim...|
valheim|68|6|C:\Users\Justus\lprt\thumbnails\2_valheim_thumbnail.png|C:/Users/Justus/Videos/2025-08-18 22-37-41.mp4|C:\Users\Justus\lprt\audio\2_valheim_mic.aac|C:\Users\Justus\lprt\audio\2_valheim_desktop.aac|C:\Users\Justus\lprt\audio_fixed\2_valheim_track_mic_fixed.aac|C:\Users\Justus\lprt\audio_fixed\1_track_mic_fixed_ac.aac|C:\Users\Justus\lprt\video\2_valheim_final.mp4||Fleisch & Knochen|
valheim|69|6|C:\Users\Justus\lprt\thumbnails\3_valheim_thumbnail.png|C:/Users/Justus/Videos/2025-08-18 23-03-27.mp4|C:\Users\Justus\lprt\audio\3_valheim_mic.aac|C:\Users\Justus\lprt\audio\3_valheim_desktop.aac|C:\Users\Justus\lprt\audio_fixed\3_valheim_track_mic_fixed.aac|C:\Users\Justus\lprt\audio_fixed\2_track_mic_fixed_ac.aac|C:\Users\Justus\lprt\video\3_valheim_final.mp4||Hirschjagd|
valheim|70|6|C:\Users\Justus\lprt\thumbnails\4_valheim_thumbnail.png|C:/Users/Justus/Videos/2025-08-18 23-27-04.mp4|C:\Users\Justus\lprt\audio\4_valheim_mic.aac|C:\Users\Justus\lprt\audio\4_valheim_desktop.aac|C:\Users\Justus\lprt\audio_fixed\4_valheim_track_mic_fixed.aac|C:\Users\Justus\lprt\audio_fixed\3_track_mic_fixed_ac.aac|C:\Users\Justus\lprt\video\4_valheim_final.mp4||Zerl&uuml;mpte H&ouml;sen|
valheim|71|6|C:\Users\Justus\lprt\thumbnails\5_valheim_thumbnail.png|C:/Users/Justus/Videos/2025-08-18 23-55-51.mp4|C:\Users\Justus\lprt\audio\5_valheim_mic.aac|C:\Users\Justus\lprt\audio\5_valheim_desktop.aac|C:\Users\Justus\lprt\audio_fixed\5_valheim_track_mic_fixed.aac|C:\Users\Justus\lprt\audio_fixed\4_track_mic_fixed_ac.aac|C:\Users\Justus\lprt\video\5_valheim_final.mp4||Lederhosen...|
valheim|72|6|C:\Users\Justus\lprt\thumbnails\6_valheim_thumbnail.png|C:/Users/Justus/Videos/2025-08-19 00-14-52.mp4|C:\Users\Justus\lprt\audio\6_valheim_mic.aac|C:\Users\Justus\lprt\audio\6_valheim_desktop.aac|C:\Users\Justus\lprt\audio_fixed\6_valheim_track_mic_fixed.aac|C:\Users\Justus\lprt\audio_fixed\5_track_mic_fixed_ac.aac|C:\Users\Justus\lprt\video\6_valheim_final.mp4||Der Kampf gegen Eikthyr|
valheim|73|6|C:\Users\Justus\lprt\thumbnails\7_valheim_thumbnail.png|C:/Users/Justus/Videos/2025-08-19 21-05-12.mp4|C:\Users\Justus\lprt\audio\7_valheim_mic.aac|C:\Users\Justus\lprt\audio\7_valheim_desktop.aac|C:\Users\Justus\lprt\audio_fixed\7_valheim_track_mic_fixed.aac|C:\Users\Justus\lprt\audio_fixed\6_track_mic_fixed_ac.aac|C:\Users\Justus\lprt\video\7_valheim_final.mp4||Von Bienenk&ouml;niginen & D&uuml;sterw&auml;ldern|
valheim|74|6|C:\Users\Justus\lprt\thumbnails\8_valheim_thumbnail.png|C:/Users/Justus/Videos/2025-08-19 21-24-43.mp4|C:\Users\Justus\lprt\audio\8_valheim_mic.aac|C:\Users\Justus\lprt\audio\8_valheim_desktop.aac|C:\Users\Justus\lprt\audio_fixed\8_valheim_track_mic_fixed.aac|C:\Users\Justus\lprt\audio_fixed\7_track_mic_fixed_ac.aac|C:\Users\Justus\lprt\video\8_valheim_final.mp4||Vom Leben geschieden...|
valheim|75|6|C:\Users\Justus\lprt\thumbnails\9_valheim_thumbnail.png|C:/Users/Justus/Videos/2025-08-19 21-45-03.mp4|C:\Users\Justus\lprt\audio\9_valheim_mic.aac|C:\Users\Justus\lprt\audio\9_valheim_desktop.aac|C:\Users\Justus\lprt\audio_fixed\9_valheim_track_mic_fixed.aac|C:\Users\Justus\lprt\audio_fixed\8_track_mic_fixed_ac.aac|C:\Users\Justus\lprt\video\9_valheim_final.mp4||Grabkammern pl&uuml;ndern oder auch nicht...|
valheim|76|6|C:\Users\Justus\lprt\thumbnails\10_valheim_thumbnail.png|C:/Users/Justus/Videos/2025-08-19 22-11-27.mp4|C:\Users\Justus\lprt\audio\10_valheim_mic.aac|C:\Users\Justus\lprt\audio\10_valheim_desktop.aac|C:\Users\Justus\lprt\audio_fixed\10_valheim_track_mic_fixed.aac|C:\Users\Justus\lprt\audio_fixed\9_track_mic_fixed_ac.aac|C:\Users\Justus\lprt\video\10_valheim_final.mp4||Keule auf Level 3|
valheim|77|6|C:\Users\Justus\lprt\thumbnails\11_valheim_thumbnail.png|C:/Users/Justus/Videos/2025-08-19 22-33-02.mp4|C:\Users\Justus\lprt\audio\11_valheim_mic.aac|C:\Users\Justus\lprt\audio\11_valheim_desktop.aac|C:\Users\Justus\lprt\audio_fixed\11_valheim_track_mic_fixed.aac|C:\Users\Justus\lprt\audio_fixed\10_track_mic_fixed_ac.aac|C:\Users\Justus\lprt\video\11_valheim_final.mp4||Knapp davon gekommen|
valheim|78|6|C:\Users\Justus\lprt\thumbnails\12_valheim_thumbnail.png|C:/Users/Justus/Videos/2025-08-19 22-53-59.mp4|C:\Users\Justus\lprt\audio\12_valheim_mic.aac|C:\Users\Justus\lprt\audio\12_valheim_desktop.aac|C:\Users\Justus\lprt\audio_fixed\12_valheim_track_mic_fixed.aac|C:\Users\Justus\lprt\audio_fixed\11_track_mic_fixed_ac.aac|C:\Users\Justus\lprt\video\12_valheim_final.mp4||Er wirft mit Steinen nach mir|
valheim|79|6|C:\Users\Justus\lprt\thumbnails\13_valheim_thumbnail.png|C:/Users/Justus/Videos/2025-08-19 23-22-46.mp4|C:\Users\Justus\lprt\audio\13_valheim_mic.aac|C:\Users\Justus\lprt\audio\13_valheim_desktop.aac|C:\Users\Justus\lprt\audio_fixed\13_valheim_track_mic_fixed.aac|C:\Users\Justus\lprt\audio_fixed\12_track_mic_fixed_ac.aac|C:\Users\Justus\lprt\video\13_valheim_final.mp4||"Das erste ""Haus"" ensteht"|
valheim|80|6|C:\Users\Justus\lprt\thumbnails\14_valheim_thumbnail.png|C:/Users/Justus/Videos/2025-08-19 23-47-03.mp4|C:\Users\Justus\lprt\audio\14_valheim_mic.aac|C:\Users\Justus\lprt\audio\14_valheim_desktop.aac|C:\Users\Justus\lprt\audio_fixed\14_valheim_track_mic_fixed.aac|C:\Users\Justus\lprt\audio_fixed\13_track_mic_fixed_ac.aac|C:\Users\Justus\lprt\video\14_valheim_final.mp4||Spiel mit dem Feuer|
valheim|81|6|C:\Users\Justus\lprt\thumbnails\15_valheim_thumbnail.png|C:/Users/Justus/Videos/2025-08-20 00-07-54.mp4|C:\Users\Justus\lprt\audio\15_valheim_mic.aac|C:\Users\Justus\lprt\audio\15_valheim_desktop.aac|C:\Users\Justus\lprt\audio_fixed\15_valheim_track_mic_fixed.aac|C:\Users\Justus\lprt\audio_fixed\14_track_mic_fixed_ac.aac|C:\Users\Justus\lprt\video\15_valheim_final.mp4||Von Lagerung & Kl&ouml;tzen|
7_days_to_die_staffel_zwei|82|5||C:/Users/Justus/Videos/2025-08-20 13-36-41.mp4||||||||
valheim|83|6|C:\Users\Justus\lprt\thumbnails\16_valheim_thumbnail.png|C:/Users/Justus/Videos/2025-08-20 20-24-22.mp4|C:\Users\Justus\lprt\audio\16_valheim_mic.aac|C:\Users\Justus\lprt\audio\16_valheim_desktop.aac|C:\Users\Justus\lprt\audio_fixed\16_valheim_track_mic_fixed.aac|C:\Users\Justus\lprt\audio_fixed\15_track_mic_fixed_ac.aac|C:\Users\Justus\lprt\video\16_valheim_final.mp4||Die Suche hat ein Ende|
valheim|84|6|C:\Users\Justus\lprt\thumbnails\17_valheim_thumbnail.png|C:/Users/Justus/Videos/2025-08-20 20-44-49.mp4|C:\Users\Justus\lprt\audio\17_valheim_mic.aac|C:\Users\Justus\lprt\audio\17_valheim_desktop.aac|C:\Users\Justus\lprt\audio_fixed\17_valheim_track_mic_fixed.aac|C:\Users\Justus\lprt\audio_fixed\16_track_mic_fixed_ac.aac|C:\Users\Justus\lprt\video\17_valheim_final.mp4||Kupfer klatschen mit Besuch|
valheim|85|6|C:\Users\Justus\lprt\thumbnails\18_valheim_thumbnail.png|C:/Users/Justus/Videos/2025-08-20 21-05-34.mp4|C:\Users\Justus\lprt\audio\18_valheim_mic.aac|C:\Users\Justus\lprt\audio\18_valheim_desktop.aac|C:\Users\Justus\lprt\audio_fixed\18_valheim_track_mic_fixed.aac|C:\Users\Justus\lprt\audio_fixed\17_track_mic_fixed_ac.aac|C:\Users\Justus\lprt\video\18_valheim_final.mp4||Da wurde ich fett getrollt|
valheim|86|6|C:\Users\Justus\lprt\thumbnails\19_valheim_thumbnail.png|C:/Users/Justus/Videos/2025-08-20 21-33-31.mp4|C:\Users\Justus\lprt\audio\19_valheim_mic.aac|C:\Users\Justus\lprt\audio\19_valheim_desktop.aac|C:\Users\Justus\lprt\audio_fixed\19_valheim_track_mic_fixed.aac|C:\Users\Justus\lprt\audio_fixed\18_track_mic_fixed_ac.aac|C:\Users\Justus\lprt\video\19_valheim_final.mp4||Die Bronzeaxt|
valheim|87|6|C:\Users\Justus\lprt\thumbnails\20_valheim_thumbnail.png|C:/Users/Justus/Videos/2025-08-20 21-55-16.mp4|C:\Users\Justus\lprt\audio\20_valheim_mic.aac|C:\Users\Justus\lprt\audio\20_valheim_desktop.aac|C:\Users\Justus\lprt\audio_fixed\20_valheim_track_mic_fixed.aac|C:\Users\Justus\lprt\audio_fixed\19_track_mic_fixed_ac.aac|C:\Users\Justus\lprt\video\20_valheim_final.mp4||Sie wissen nicht wie ihnen geschieht...|
valheim|88|6|C:\Users\Justus\lprt\thumbnails\21_valheim_thumbnail.png|C:/Users/Justus/Videos/2025-08-20 22-17-25.mp4|C:\Users\Justus\lprt\audio\21_valheim_mic.aac|C:\Users\Justus\lprt\audio\21_valheim_desktop.aac|C:\Users\Justus\lprt\audio_fixed\21_valheim_track_mic_fixed.aac|C:\Users\Justus\lprt\audio_fixed\20_track_mic_fixed_ac.aac|C:\Users\Justus\lprt\video\21_valheim_final.mp4||Vom Beserker heimgesucht|
valheim|89|6|C:\Users\Justus\lprt\thumbnails\22_valheim_thumbnail.png|C:/Users/Justus/Videos/2025-08-20 22-38-27.mp4|C:\Users\Justus\lprt\audio\22_valheim_mic.aac|C:\Users\Justus\lprt\audio\22_valheim_desktop.aac|C:\Users\Justus\lprt\audio_fixed\22_valheim_track_mic_fixed.aac|C:\Users\Justus\lprt\audio_fixed\21_track_mic_fixed_ac.aac|C:\Users\Justus\lprt\video\22_valheim_final.mp4||Durchbraten|
valheim|90|6|C:\Users\Justus\lprt\thumbnails\23_valheim_thumbnail.png|C:/Users/Justus/Videos/2025-08-20 23-04-37.mp4|C:\Users\Justus\lprt\audio\23_valheim_mic.aac|C:\Users\Justus\lprt\audio\23_valheim_desktop.aac|C:\Users\Justus\lprt\audio_fixed\23_valheim_track_mic_fixed.aac|C:\Users\Justus\lprt\audio_fixed\22_track_mic_fixed_ac.aac|C:\Users\Justus\lprt\video\23_valheim_final.mp4||Ich machs KAPUTT!|
valheim|91|6|C:\Users\Justus\lprt\thumbnails\24_valheim_thumbnail.png|C:/Users/Justus/Videos/2025-08-20 23-25-08.mp4|C:\Users\Justus\lprt\audio\24_valheim_mic.aac|C:\Users\Justus\lprt\audio\24_valheim_desktop.aac|C:\Users\Justus\lprt\audio_fixed\24_valheim_track_mic_fixed.aac|C:\Users\Justus\lprt\audio_fixed\23_track_mic_fixed_ac.aac|C:\Users\Justus\lprt\video\24_valheim_final.mp4||Dem Wahnsinn nahe|
valheim|92|6|C:\Users\Justus\lprt\thumbnails\25_valheim_thumbnail.png|C:/Users/Justus/Videos/2025-08-20 23-45-31.mp4|C:\Users\Justus\lprt\audio\25_valheim_mic.aac|C:\Users\Justus\lprt\audio\25_valheim_desktop.aac|C:\Users\Justus\lprt\audio_fixed\25_valheim_track_mic_fixed.aac|C:\Users\Justus\lprt\audio_fixed\24_track_mic_fixed_ac.aac|C:\Users\Justus\lprt\video\25_valheim_final.mp4||Befestigung der Verteidigung|
valheim|93|6|C:\Users\Justus\lprt\thumbnails\26_valheim_thumbnail.png|C:/Users/Justus/Videos/2025-08-21 00-13-20.mp4|C:\Users\Justus\lprt\audio\26_valheim_mic.aac|C:\Users\Justus\lprt\audio\26_valheim_desktop.aac|C:\Users\Justus\lprt\audio_fixed\26_valheim_track_mic_fixed.aac|C:\Users\Justus\lprt\audio_fixed\25_track_mic_fixed_ac.aac|C:\Users\Justus\lprt\video\26_valheim_final.mp4||Erzsuche|
valheim|94|6|C:\Users\Justus\lprt\thumbnails\27_valheim_thumbnail.png|C:/Users/Justus/Videos/2025-08-21 00-33-56.mp4|C:\Users\Justus\lprt\audio\27_valheim_mic.aac|C:\Users\Justus\lprt\audio\27_valheim_desktop.aac|C:\Users\Justus\lprt\audio_fixed\27_valheim_track_mic_fixed.aac|C:\Users\Justus\lprt\audio_fixed\26_track_mic_fixed_ac.aac|C:\Users\Justus\lprt\video\27_valheim_final.mp4||2 Sterne Grauzwerg l&auml;sst gr&uuml;&szlig;en!|
test|95|3|C:\Users\Justus\lprt\thumbnails\1_test_thumbnail.png|C:/Users/Justus/Videos/2025-08-21 16-51-16.mp4||||||||
valheim|96|6|C:\Users\Justus\lprt\thumbnails\28_valheim_thumbnail.png|C:/Users/Justus/Videos/2025-08-21 21-44-08.mp4|C:\Users\Justus\lprt\audio\28_valheim_mic.aac|C:\Users\Justus\lprt\audio\28_valheim_desktop.aac|C:\Users\Justus\lprt\audio_fixed\28_valheim_track_mic_fixed.aac|C:\Users\Justus\lprt\audio_fixed\27_track_mic_fixed_ac.aac|C:\Users\Justus\lprt\video\28_valheim_final.mp4||Scharmanenklatsche|
valheim|97|6|C:\Users\Justus\lprt\thumbnails\29_valheim_thumbnail.png|C:/Users/Justus/Videos/2025-08-21 22-04-14.mp4|C:\Users\Justus\lprt\audio\29_valheim_mic.aac|C:\Users\Justus\lprt\audio\29_valheim_desktop.aac|C:\Users\Justus\lprt\audio_fixed\29_valheim_track_mic_fixed.aac|C:\Users\Justus\lprt\audio_fixed\28_track_mic_fixed_ac.aac|C:\Users\Justus\lprt\video\29_valheim_final.mp4||Unterwegs mit dem Boot...|
valheim|98|6|C:\Users\Justus\lprt\thumbnails\30_valheim_thumbnail.png|C:/Users/Justus/Videos/2025-08-21 22-38-18.mp4|C:\Users\Justus\lprt\audio\30_valheim_mic.aac|C:\Users\Justus\lprt\audio\30_valheim_desktop.aac|C:\Users\Justus\lprt\audio_fixed\30_valheim_track_mic_fixed.aac|C:\Users\Justus\lprt\audio_fixed\29_track_mic_fixed_ac.aac|C:\Users\Justus\lprt\video\30_valheim_final.mp4||Oh guck mal...|
valheim|99|6|C:\Users\Justus\lprt\thumbnails\31_valheim_thumbnail.png|C:/Users/Justus/Videos/2025-08-21 22-59-47.mp4|C:\Users\Justus\lprt\audio\31_valheim_mic.aac|C:\Users\Justus\lprt\audio\31_valheim_desktop.aac|C:\Users\Justus\lprt\audio_fixed\31_valheim_track_mic_fixed.aac|C:\Users\Justus\lprt\audio_fixed\30_track_mic_fixed_ac.aac|C:\Users\Justus\lprt\video\31_valheim_final.mp4||Lasst Sie ziehen!|
valheim|100|6|C:\Users\Justus\lprt\thumbnails\32_valheim_thumbnail.png|C:/Users/Justus/Videos/2025-08-21 23-26-40.mp4|C:\Users\Justus\lprt\audio\32_valheim_mic.aac|C:\Users\Justus\lprt\audio\32_valheim_desktop.aac|C:\Users\Justus\lprt\audio_fixed\32_valheim_track_mic_fixed.aac|C:\Users\Justus\lprt\audio_fixed\31_track_mic_fixed_ac.aac|C:\Users\Justus\lprt\video\32_valheim_final.mp4||Bau der Schmiedeh&uuml;tte|
valheim|101|6|C:\Users\Justus\lprt\thumbnails\33_valheim_thumbnail.png|C:/Users/Justus/Videos/2025-08-21 23-46-51.mp4|C:\Users\Justus\lprt\audio\33_valheim_mic.aac|C:\Users\Justus\lprt\audio\33_valheim_desktop.aac|C:\Users\Justus\lprt\audio_fixed\33_valheim_track_mic_fixed.aac|C:\Users\Justus\lprt\audio_fixed\32_track_mic_fixed_ac.aac|C:\Users\Justus\lprt\video\33_valheim_final.mp4||Ein weiteres Wohnhaus entsteht|
valheim|102|6|C:\Users\Justus\lprt\thumbnails\34_valheim_thumbnail.png|C:/Users/Justus/Videos/2025-08-22 00-08-53.mp4|C:\Users\Justus\lprt\audio\34_valheim_mic.aac|C:\Users\Justus\lprt\audio\34_valheim_desktop.aac|C:\Users\Justus\lprt\audio_fixed\34_valheim_track_mic_fixed.aac|C:\Users\Justus\lprt\audio_fixed\33_track_mic_fixed_ac.aac|C:\Users\Justus\lprt\video\34_valheim_final.mp4||Baumwirtschaft...|
valheim|103|6|C:\Users\Justus\lprt\thumbnails\35_valheim_thumbnail.png|C:/Users/Justus/Videos/2025-08-22 00-35-14.mp4|C:\Users\Justus\lprt\audio\35_valheim_mic.aac|C:\Users\Justus\lprt\audio\35_valheim_desktop.aac|C:\Users\Justus\lprt\audio_fixed\35_valheim_track_mic_fixed.aac|C:\Users\Justus\lprt\audio_fixed\34_track_mic_fixed_ac.aac|C:\Users\Justus\lprt\video\35_valheim_final.mp4||Kiefer(n) knacken|
valheim|104|6|C:\Users\Justus\lprt\thumbnails\36_valheim_thumbnail.png|C:/Users/Justus/Videos/2025-08-22 00-55-52.mp4|C:\Users\Justus\lprt\audio\36_valheim_mic.aac|C:\Users\Justus\lprt\audio\36_valheim_desktop.aac|C:\Users\Justus\lprt\audio_fixed\36_valheim_track_mic_fixed.aac|C:\Users\Justus\lprt\audio_fixed\35_track_mic_fixed_ac.aac|C:\Users\Justus\lprt\video\36_valheim_final.mp4||Seeschlangenbesuch bei Nacht!|
valheim|105|6|C:\Users\Justus\lprt\thumbnails\37_valheim_thumbnail.png|C:/Users/Justus/Videos/2025-08-22 01-15-34.mp4|C:\Users\Justus\lprt\audio\37_valheim_mic.aac|C:\Users\Justus\lprt\audio\37_valheim_desktop.aac|C:\Users\Justus\lprt\audio_fixed\37_valheim_track_mic_fixed.aac|C:\Users\Justus\lprt\audio_fixed\36_track_mic_fixed_ac.aac|C:\Users\Justus\lprt\video\37_valheim_final.mp4||1,2,3,4,5 ganz viele|
valheim|106|6|C:\Users\Justus\lprt\thumbnails\38_valheim_thumbnail.png|C:/Users/Justus/Videos/2025-08-22 01-43-00.mp4|C:\Users\Justus\lprt\audio\38_valheim_mic.aac|C:\Users\Justus\lprt\audio\38_valheim_desktop.aac|C:\Users\Justus\lprt\audio_fixed\38_valheim_track_mic_fixed.aac|C:\Users\Justus\lprt\audio_fixed\37_track_mic_fixed_ac.aac|C:\Users\Justus\lprt\video\38_valheim_final.mp4||Ab nach Haus mit voller Ladung Zinn|
valheim|107|6|C:\Users\Justus\lprt\thumbnails\39_valheim_thumbnail.png|C:/Users/Justus/Videos/2025-08-22 02-02-57.mp4|C:\Users\Justus\lprt\audio\39_valheim_mic.aac|C:\Users\Justus\lprt\audio\39_valheim_desktop.aac|C:\Users\Justus\lprt\audio_fixed\39_valheim_track_mic_fixed.aac|C:\Users\Justus\lprt\audio_fixed\38_track_mic_fixed_ac.aac|C:\Users\Justus\lprt\video\39_valheim_final.mp4||Keine Herausforderung|
valheim|108|6|C:\Users\Justus\lprt\thumbnails\40_valheim_thumbnail.png|C:/Users/Justus/Videos/2025-08-22 02-29-54.mp4|C:\Users\Justus\lprt\audio\40_valheim_mic.aac|C:\Users\Justus\lprt\audio\40_valheim_desktop.aac|C:\Users\Justus\lprt\audio_fixed\40_valheim_track_mic_fixed.aac|C:\Users\Justus\lprt\audio_fixed\39_track_mic_fixed_ac.aac|C:\Users\Justus\lprt\video\40_valheim_final.mp4||Ganz sch&ouml;n gro&szlig;es Problem|
valheim|109|6|C:\Users\Justus\lprt\thumbnails\41_valheim_thumbnail.png|C:/Users/Justus/Videos/2025-08-22 21-33-13.mp4|C:\Users\Justus\lprt\audio\41_valheim_mic.aac|C:\Users\Justus\lprt\audio\41_valheim_desktop.aac|C:\Users\Justus\lprt\audio_fixed\41_valheim_track_mic_fixed.aac|C:\Users\Justus\lprt\audio_fixed\40_track_mic_fixed_ac.aac|C:\Users\Justus\lprt\video\41_valheim_final.mp4||Wahrnehmung 3000|
valheim|110|6|C:\Users\Justus\lprt\thumbnails\42_valheim_thumbnail.png|C:/Users/Justus/Videos/2025-08-22 21-56-13.mp4|C:\Users\Justus\lprt\audio\42_valheim_mic.aac|C:\Users\Justus\lprt\audio\42_valheim_desktop.aac|C:\Users\Justus\lprt\audio_fixed\42_valheim_track_mic_fixed.aac|C:\Users\Justus\lprt\audio_fixed\41_track_mic_fixed_ac.aac|C:\Users\Justus\lprt\video\42_valheim_final.mp4||Magere Ausbeute|
valheim|111|6|C:\Users\Justus\lprt\thumbnails\43_valheim_thumbnail.png|C:/Users/Justus/Videos/2025-08-22 22-18-09.mp4|C:\Users\Justus\lprt\audio\43_valheim_mic.aac|C:\Users\Justus\lprt\audio\43_valheim_desktop.aac|C:\Users\Justus\lprt\audio_fixed\43_valheim_track_mic_fixed.aac|C:\Users\Justus\lprt\audio_fixed\42_track_mic_fixed_ac.aac|C:\Users\Justus\lprt\video\43_valheim_final.mp4||Auf den Boss vorbereiten|
valheim|112|6|C:\Users\Justus\lprt\thumbnails\44_valheim_thumbnail.png|C:/Users/Justus/Videos/2025-08-22 22-39-59.mp4|C:\Users\Justus\lprt\audio\44_valheim_mic.aac|C:\Users\Justus\lprt\audio\44_valheim_desktop.aac|C:\Users\Justus\lprt\audio_fixed\44_valheim_track_mic_fixed.aac|C:\Users\Justus\lprt\audio_fixed\43_track_mic_fixed_ac.aac|C:\Users\Justus\lprt\video\44_valheim_final.mp4||Der Uralte|
valheim|113|6|C:\Users\Justus\lprt\thumbnails\45_valheim_thumbnail.png|C:/Users/Justus/Videos/2025-08-22 23-05-20.mp4|C:\Users\Justus\lprt\audio\45_valheim_mic.aac|C:\Users\Justus\lprt\audio\45_valheim_desktop.aac|C:\Users\Justus\lprt\audio_fixed\45_valheim_track_mic_fixed.aac|C:\Users\Justus\lprt\audio_fixed\44_track_mic_fixed_ac.aac|C:\Users\Justus\lprt\video\45_valheim_final.mp4||Sumpfige Angelegenheit|
valheim|114|6|C:\Users\Justus\lprt\thumbnails\46_valheim_thumbnail.png|C:/Users/Justus/Videos/2025-08-22 23-28-58.mp4|C:\Users\Justus\lprt\audio\46_valheim_mic.aac|C:\Users\Justus\lprt\audio\46_valheim_desktop.aac|C:\Users\Justus\lprt\audio_fixed\46_valheim_track_mic_fixed.aac|C:\Users\Justus\lprt\audio_fixed\45_track_mic_fixed_ac.aac|C:\Users\Justus\lprt\video\46_valheim_final.mp4||Auf zum Mond... Hoffentlich|
valheim|115|6|C:\Users\Justus\lprt\thumbnails\47_valheim_thumbnail.png|C:/Users/Justus/Videos/2025-08-22 23-49-28.mp4|C:\Users\Justus\lprt\audio\47_valheim_mic.aac|C:\Users\Justus\lprt\audio\47_valheim_desktop.aac|C:\Users\Justus\lprt\audio_fixed\47_valheim_track_mic_fixed.aac|C:\Users\Justus\lprt\audio_fixed\46_track_mic_fixed_ac.aac|C:\Users\Justus\lprt\video\47_valheim_final.mp4||Auf in die Krypta!|
valheim|116|6|C:\Users\Justus\lprt\thumbnails\48_valheim_thumbnail.png|C:/Users/Justus/Videos/2025-08-23 00-15-41.mp4|C:\Users\Justus\lprt\audio\48_valheim_mic.aac|C:\Users\Justus\lprt\audio\48_valheim_desktop.aac|C:\Users\Justus\lprt\audio_fixed\48_valheim_track_mic_fixed.aac|C:\Users\Justus\lprt\audio_fixed\47_track_mic_fixed_ac.aac|C:\Users\Justus\lprt\video\48_valheim_final.mp4||Ein fauliger Geruch vom Sumpf...|
valheim|117|6|C:\Users\Justus\lprt\thumbnails\49_valheim_thumbnail.png|C:/Users/Justus/Videos/2025-08-23 00-53-11.mp4|C:\Users\Justus\lprt\audio\49_valheim_mic.aac|C:\Users\Justus\lprt\audio\49_valheim_desktop.aac|C:\Users\Justus\lprt\audio_fixed\49_valheim_track_mic_fixed.aac|C:\Users\Justus\lprt\audio_fixed\48_track_mic_fixed_ac.aac|C:\Users\Justus\lprt\video\49_valheim_final.mp4||Nun wird alles leichter|
valheim|118|6|C:\Users\Justus\lprt\thumbnails\50_valheim_thumbnail.png|C:/Users/Justus/Videos/2025-08-23 01-15-16.mp4|C:\Users\Justus\lprt\audio\50_valheim_mic.aac|C:\Users\Justus\lprt\audio\50_valheim_desktop.aac|C:\Users\Justus\lprt\audio_fixed\50_valheim_track_mic_fixed.aac|C:\Users\Justus\lprt\audio_fixed\49_track_mic_fixed_ac.aac|C:\Users\Justus\lprt\video\50_valheim_final.mp4||Das Dorf wird sch&ouml;n|
valheim|119|6|C:\Users\Justus\lprt\thumbnails\51_valheim_thumbnail.png|C:/Users/Justus/Videos/2025-08-23 01-41-03.mp4|C:\Users\Justus\lprt\audio\51_valheim_mic.aac|C:\Users\Justus\lprt\audio\51_valheim_desktop.aac|C:\Users\Justus\lprt\audio_fixed\51_valheim_track_mic_fixed.aac|C:\Users\Justus\lprt\audio_fixed\50_track_mic_fixed_ac.aac|C:\Users\Justus\lprt\video\51_valheim_final.mp4||Bau der Kochh&uuml;tte 1/2|
valheim|120|6|C:\Users\Justus\lprt\thumbnails\52_valheim_thumbnail.png|C:/Users/Justus/Videos/2025-08-23 02-03-06.mp4|C:\Users\Justus\lprt\audio\52_valheim_mic.aac|C:\Users\Justus\lprt\audio\52_valheim_desktop.aac|C:\Users\Justus\lprt\audio_fixed\52_valheim_track_mic_fixed.aac|C:\Users\Justus\lprt\audio_fixed\51_track_mic_fixed_ac.aac|C:\Users\Justus\lprt\video\52_valheim_final.mp4||Bau der Kochh&uuml;tte 2/2|
valheim|121|6|C:\Users\Justus\lprt\thumbnails\53_valheim_thumbnail.png|C:/Users/Justus/Videos/2025-08-23 02-29-26.mp4|C:\Users\Justus\lprt\audio\53_valheim_mic.aac|C:\Users\Justus\lprt\audio\53_valheim_desktop.aac|C:\Users\Justus\lprt\audio_fixed\53_valheim_track_mic_fixed.aac|C:\Users\Justus\lprt\audio_fixed\52_track_mic_fixed_ac.aac|C:\Users\Justus\lprt\video\53_valheim_final.mp4||54 Eisenschritt... Joa das langt nicht|
minecraft|122|1|C:\Users\Justus\lprt\thumbnails\27_minecraft_thumbnail.png|C:/Users/Justus/Videos/2025-08-23 20-22-52.mp4|C:\Users\Justus\lprt\audio\27_minecraft_mic.aac|C:\Users\Justus\lprt\audio\27_minecraft_desktop.aac|C:\Users\Justus\lprt\audio_fixed\27_minecraft_track_mic_fixed.aac|C:\Users\Justus\lprt\audio_fixed\26_track_mic_fixed_ac.aac|C:\Users\Justus\lprt\video\27_minecraft_s14_final.mp4||Wei&szlig;te, wei&szlig;te, wei&szlig;te?|
minecraft|123|1|C:\Users\Justus\lprt\thumbnails\28_minecraft_thumbnail.png|C:/Users/Justus/Videos/2025-08-23 20-44-52.mp4|C:\Users\Justus\lprt\audio\28_minecraft_mic.aac|C:\Users\Justus\lprt\audio\28_minecraft_desktop.aac|C:\Users\Justus\lprt\audio_fixed\28_minecraft_track_mic_fixed.aac|C:\Users\Justus\lprt\audio_fixed\27_track_mic_fixed_ac.aac|C:\Users\Justus\lprt\video\28_minecraft_s14_final.mp4||Lagerumzug|
minecraft|124|1|C:\Users\Justus\lprt\thumbnails\29_minecraft_thumbnail.png|C:/Users/Justus/Videos/2025-08-23 21-06-51.mp4|C:\Users\Justus\lprt\audio\29_minecraft_mic.aac|C:\Users\Justus\lprt\audio\29_minecraft_desktop.aac|C:\Users\Justus\lprt\audio_fixed\29_minecraft_track_mic_fixed.aac|C:\Users\Justus\lprt\audio_fixed\28_track_mic_fixed_ac.aac|C:\Users\Justus\lprt\video\29_minecraft_s14_final.mp4||Schleichend &Uuml;bersteuernd|
minecraft|125|1|C:\Users\Justus\lprt\thumbnails\30_minecraft_thumbnail.png|C:/Users/Justus/Videos/2025-08-23 21-34-13.mp4|C:\Users\Justus\lprt\audio\30_minecraft_mic.aac|C:\Users\Justus\lprt\audio\30_minecraft_desktop.aac|C:\Users\Justus\lprt\audio_fixed\30_minecraft_track_mic_fixed.aac|C:\Users\Justus\lprt\audio_fixed\29_track_mic_fixed_ac.aac|C:\Users\Justus\lprt\video\30_minecraft_s14_final.mp4||Mein eigenes Schneegest&ouml;ber|
minecraft|126|1|C:\Users\Justus\lprt\thumbnails\31_minecraft_thumbnail.png|C:/Users/Justus/Videos/2025-08-23 21-57-21.mp4|C:\Users\Justus\lprt\audio\31_minecraft_mic.aac|C:\Users\Justus\lprt\audio\31_minecraft_desktop.aac|C:\Users\Justus\lprt\audio_fixed\31_minecraft_track_mic_fixed.aac|C:\Users\Justus\lprt\audio_fixed\30_track_mic_fixed_ac.aac|C:\Users\Justus\lprt\video\31_minecraft_s14_final.mp4||Minecraft bricht!|
valheim|127|6|C:\Users\Justus\lprt\thumbnails\54_valheim_thumbnail.png|C:/Users/Justus/Videos/2025-08-23 22-43-37.mp4|C:\Users\Justus\lprt\audio\54_valheim_mic.aac|C:\Users\Justus\lprt\audio\54_valheim_desktop.aac|C:\Users\Justus\lprt\audio_fixed\54_valheim_track_mic_fixed.aac|C:\Users\Justus\lprt\audio_fixed\53_track_mic_fixed_ac.aac|C:\Users\Justus\lprt\video\54_valheim_final.mp4||Laufe, Schemelze & Repariere|
valheim|128|6|C:\Users\Justus\lprt\thumbnails\55_valheim_thumbnail.png|C:/Users/Justus/Videos/2025-08-23 23-04-25.mp4|C:\Users\Justus\lprt\audio\55_valheim_mic.aac|C:\Users\Justus\lprt\audio\55_valheim_desktop.aac|C:\Users\Justus\lprt\audio_fixed\55_valheim_track_mic_fixed.aac|C:\Users\Justus\lprt\audio_fixed\54_track_mic_fixed_ac.aac|C:\Users\Justus\lprt\video\55_valheim_final.mp4||Flieg Gr&auml;uling!|
valheim|129|6|C:\Users\Justus\lprt\thumbnails\56_valheim_thumbnail.png|C:/Users/Justus/Videos/2025-08-23 23-31-13.mp4|C:\Users\Justus\lprt\audio\56_valheim_mic.aac|C:\Users\Justus\lprt\audio\56_valheim_desktop.aac|C:\Users\Justus\lprt\audio_fixed\56_valheim_track_mic_fixed.aac|C:\Users\Justus\lprt\audio_fixed\55_track_mic_fixed_ac.aac|C:\Users\Justus\lprt\video\56_valheim_final.mp4||Erste Ebenenerfahrungen|
valheim|130|6|C:\Users\Justus\lprt\thumbnails\57_valheim_thumbnail.png|C:/Users/Justus/Videos/2025-08-23 23-51-38.mp4|C:\Users\Justus\lprt\audio\57_valheim_mic.aac|C:\Users\Justus\lprt\audio\57_valheim_desktop.aac|C:\Users\Justus\lprt\audio_fixed\57_valheim_track_mic_fixed.aac|C:\Users\Justus\lprt\audio_fixed\56_track_mic_fixed_ac.aac|C:\Users\Justus\lprt\video\57_valheim_final.mp4||Endlich wieder Festland|
valheim|131|6|C:\Users\Justus\lprt\thumbnails\58_valheim_thumbnail.png|C:/Users/Justus/Videos/2025-08-24 00-12-33.mp4|C:\Users\Justus\lprt\audio\58_valheim_mic.aac|C:\Users\Justus\lprt\audio\58_valheim_desktop.aac|C:\Users\Justus\lprt\audio_fixed\58_valheim_track_mic_fixed.aac|C:\Users\Justus\lprt\audio_fixed\57_track_mic_fixed_ac.aac|C:\Users\Justus\lprt\video\58_valheim_final.mp4||Eisenmangel ist t&ouml;dlich|
valheim|132|6|C:\Users\Justus\lprt\thumbnails\59_valheim_thumbnail.png|C:/Users/Justus/Videos/2025-08-24 00-36-15.mp4|C:\Users\Justus\lprt\audio\59_valheim_mic.aac|C:\Users\Justus\lprt\audio\59_valheim_desktop.aac|C:\Users\Justus\lprt\audio_fixed\59_valheim_track_mic_fixed.aac|C:\Users\Justus\lprt\audio_fixed\58_track_mic_fixed_ac.aac|C:\Users\Justus\lprt\video\59_valheim_final.mp4||Surtlingsnest gesichtet!|
valheim|133|6|C:\Users\Justus\lprt\thumbnails\60_valheim_thumbnail.png|C:/Users/Justus/Videos/2025-08-24 01-06-36.mp4|C:\Users\Justus\lprt\audio\60_valheim_mic.aac|C:\Users\Justus\lprt\audio\60_valheim_desktop.aac|C:\Users\Justus\lprt\audio_fixed\60_valheim_track_mic_fixed.aac|C:\Users\Justus\lprt\audio_fixed\59_track_mic_fixed_ac.aac|C:\Users\Justus\lprt\video\60_valheim_final.mp4||2 Sterne Elite Draugr... ist ScHwAcH!|
valheim|134|6|C:\Users\Justus\lprt\thumbnails\61_valheim_thumbnail.png|C:/Users/Justus/Videos/2025-08-24 01-27-45.mp4|C:\Users\Justus\lprt\audio\61_valheim_mic.aac|C:\Users\Justus\lprt\audio\61_valheim_desktop.aac|C:\Users\Justus\lprt\audio_fixed\61_valheim_track_mic_fixed.aac|C:\Users\Justus\lprt\audio_fixed\60_track_mic_fixed_ac.aac|C:\Users\Justus\lprt\video\61_valheim_final.mp4||RE:Organisation Lager|
valheim|135|6|C:\Users\Justus\lprt\thumbnails\62_valheim_thumbnail.png|C:/Users/Justus/Videos/2025-08-24 01-51-31.mp4|C:\Users\Justus\lprt\audio\62_valheim_mic.aac|C:\Users\Justus\lprt\audio\62_valheim_desktop.aac|C:\Users\Justus\lprt\audio_fixed\62_valheim_track_mic_fixed.aac|C:\Users\Justus\lprt\audio_fixed\61_track_mic_fixed_ac.aac|C:\Users\Justus\lprt\video\62_valheim_final.mp4||Neue Regeln|
valheim|136|6|C:\Users\Justus\lprt\thumbnails\63_valheim_thumbnail.png|C:/Users/Justus/Videos/2025-08-24 22-09-56.mp4|C:\Users\Justus\lprt\audio\63_valheim_mic.aac|C:\Users\Justus\lprt\audio\63_valheim_desktop.aac|C:\Users\Justus\lprt\audio_fixed\63_valheim_track_mic_fixed.aac|C:\Users\Justus\lprt\audio_fixed\62_track_mic_fixed_ac.aac|C:\Users\Justus\lprt\video\63_valheim_final.mp4||B&auml;ume klatschen & quatschen|
valheim|137|6|C:\Users\Justus\lprt\thumbnails\64_valheim_thumbnail.png|C:/Users/Justus/Videos/2025-08-24 22-30-46.mp4|C:\Users\Justus\lprt\audio\64_valheim_mic.aac|C:\Users\Justus\lprt\audio\64_valheim_desktop.aac|C:\Users\Justus\lprt\audio_fixed\64_valheim_track_mic_fixed.aac|C:\Users\Justus\lprt\audio_fixed\63_track_mic_fixed_ac.aac|C:\Users\Justus\lprt\video\64_valheim_final.mp4||Draugrarmee, kein Ding|
valheim|138|6|C:\Users\Justus\lprt\thumbnails\65_valheim_thumbnail.png|C:/Users/Justus/Videos/2025-08-24 22-52-31.mp4|C:\Users\Justus\lprt\audio\65_valheim_mic.aac|C:\Users\Justus\lprt\audio\65_valheim_desktop.aac|C:\Users\Justus\lprt\audio_fixed\65_valheim_track_mic_fixed.aac|C:\Users\Justus\lprt\audio_fixed\64_track_mic_fixed_ac.aac|C:\Users\Justus\lprt\video\65_valheim_final.mp4||Danke Frau Merkel|
valheim|139|6|C:\Users\Justus\lprt\thumbnails\66_valheim_thumbnail.png|C:/Users/Justus/Videos/2025-08-24 23-21-29.mp4|C:\Users\Justus\lprt\audio\66_valheim_mic.aac|C:\Users\Justus\lprt\audio\66_valheim_desktop.aac|C:\Users\Justus\lprt\audio_fixed\66_valheim_track_mic_fixed.aac|C:\Users\Justus\lprt\audio_fixed\65_track_mic_fixed_ac.aac|C:\Users\Justus\lprt\video\66_valheim_final.mp4||Megingiard im Gep&auml;ck|
valheim|140|6|C:\Users\Justus\lprt\thumbnails\67_valheim_thumbnail.png|C:/Users/Justus/Videos/2025-08-24 23-42-43.mp4|C:\Users\Justus\lprt\audio\67_valheim_mic.aac|C:\Users\Justus\lprt\audio\67_valheim_desktop.aac|C:\Users\Justus\lprt\audio_fixed\67_valheim_track_mic_fixed.aac|C:\Users\Justus\lprt\audio_fixed\66_track_mic_fixed_ac.aac|C:\Users\Justus\lprt\video\67_valheim_final.mp4||Kochtopf & Zubereitungstisch|
valheim|141|6|C:\Users\Justus\lprt\thumbnails\68_valheim_thumbnail.png|C:/Users/Justus/Videos/2025-08-25 00-08-42.mp4|C:\Users\Justus\lprt\audio\68_valheim_mic.aac|C:\Users\Justus\lprt\audio\68_valheim_desktop.aac|C:\Users\Justus\lprt\audio_fixed\68_valheim_track_mic_fixed.aac|C:\Users\Justus\lprt\audio_fixed\67_track_mic_fixed_ac.aac|C:\Users\Justus\lprt\video\68_valheim_final.mp4||Armer Troll|
valheim|142|6|C:\Users\Justus\lprt\thumbnails\69_valheim_thumbnail.png|C:/Users/Justus/Videos/2025-08-25 00-28-18.mp4|C:\Users\Justus\lprt\audio\69_valheim_mic.aac|C:\Users\Justus\lprt\audio\69_valheim_desktop.aac|C:\Users\Justus\lprt\audio_fixed\69_valheim_track_mic_fixed.aac|C:\Users\Justus\lprt\audio_fixed\68_track_mic_fixed_ac.aac|C:\Users\Justus\lprt\video\69_valheim_final.mp4||Vergbliche Suche|
valheim|143|6|C:\Users\Justus\lprt\thumbnails\70_valheim_thumbnail.png|C:/Users/Justus/Videos/2025-08-25 00-54-51.mp4|C:\Users\Justus\lprt\audio\70_valheim_mic.aac|C:\Users\Justus\lprt\audio\70_valheim_desktop.aac|C:\Users\Justus\lprt\audio_fixed\70_valheim_track_mic_fixed.aac|C:\Users\Justus\lprt\audio_fixed\69_track_mic_fixed_ac.aac|C:\Users\Justus\lprt\video\70_valheim_final.mp4||Vernichtung der Monstrosit&auml;t|
valheim|144|6|C:\Users\Justus\lprt\thumbnails\71_valheim_thumbnail.png|C:/Users/Justus/Videos/2025-08-25 01-20-11.mp4|C:\Users\Justus\lprt\audio\71_valheim_mic.aac|C:\Users\Justus\lprt\audio\71_valheim_desktop.aac|C:\Users\Justus\lprt\audio_fixed\71_valheim_track_mic_fixed.aac|C:\Users\Justus\lprt\audio_fixed\70_track_mic_fixed_ac.aac|C:\Users\Justus\lprt\video\71_valheim_final.mp4||Zorngeister|
valheim|145|6|C:\Users\Justus\lprt\thumbnails\72_valheim_thumbnail.png|C:/Users/Justus/Videos/2025-08-25 01-46-14.mp4|C:\Users\Justus\lprt\audio\72_valheim_mic.aac|C:\Users\Justus\lprt\audio\72_valheim_desktop.aac|C:\Users\Justus\lprt\audio_fixed\72_valheim_track_mic_fixed.aac|C:\Users\Justus\lprt\audio_fixed\71_track_mic_fixed_ac.aac|C:\Users\Justus\lprt\video\72_valheim_final.mp4||Uiuiui Mods|
miniland|146|2||C:/Users/Justus/Videos/2025-08-25 15-41-19.mp4||||||||
miniland|147|2||C:/Users/Justus/Videos/2025-08-25 16-09-00.mp4||||||||
miniland|148|2||C:/Users/Justus/Videos/2025-08-25 16-10-28.mp4||||||||
miniland|149|2||C:/Users/Justus/Videos/2025-08-25 16-11-32.mp4||||||||
miniland|150|2||C:/Users/Justus/Videos/2025-08-25 16-12-11.mp4||||||||
minecraft|151|1|C:\Users\Justus\lprt\thumbnails\32_minecraft_thumbnail.png|C:/Users/Justus/Videos/2025-08-27 19-53-04.mp4|C:\Users\Justus\lprt\audio\32_minecraft_mic.aac|C:\Users\Justus\lprt\audio\32_minecraft_desktop.aac|C:\Users\Justus\lprt\audio_fixed\32_minecraft_track_mic_fixed.aac|C:\Users\Justus\lprt\audio_fixed\31_track_mic_fixed_ac.aac|C:\Users\Justus\lprt\video\32_minecraft_s14_final.mp4||Flick, Flack, Schattenkack|
minecraft|152|1|C:\Users\Justus\lprt\thumbnails\33_minecraft_thumbnail.png|C:/Users/Justus/Videos/2025-08-27 20-38-51.mp4|C:\Users\Justus\lprt\audio\33_minecraft_mic.aac|C:\Users\Justus\lprt\audio\33_minecraft_desktop.aac|C:\Users\Justus\lprt\audio_fixed\33_minecraft_track_mic_fixed.aac|C:\Users\Justus\lprt\audio_fixed\32_track_mic_fixed_ac.aac|C:\Users\Justus\lprt\video\33_minecraft_s14_final.mp4||Schattendistanzendiskrepanzen|
minecraft|153|1|C:\Users\Justus\lprt\thumbnails\34_minecraft_thumbnail.png|C:/Users/Justus/Videos/2025-08-27 21-12-00.mp4|C:\Users\Justus\lprt\audio\34_minecraft_mic.aac|C:\Users\Justus\lprt\audio\34_minecraft_desktop.aac|C:\Users\Justus\lprt\audio_fixed\34_minecraft_track_mic_fixed.aac|C:\Users\Justus\lprt\audio_fixed\33_track_mic_fixed_ac.aac|C:\Users\Justus\lprt\video\34_minecraft_s14_final.mp4||Alles wieder beim alten...|
minecraft|154|1|C:\Users\Justus\lprt\thumbnails\35_minecraft_thumbnail.png|C:/Users/Justus/Videos/2025-08-27 21-42-25.mp4|C:\Users\Justus\lprt\audio\35_minecraft_mic.aac|C:\Users\Justus\lprt\audio\35_minecraft_desktop.aac|C:\Users\Justus\lprt\audio_fixed\35_minecraft_track_mic_fixed.aac|C:\Users\Justus\lprt\audio_fixed\34_track_mic_fixed_ac.aac|C:\Users\Justus\lprt\video\35_minecraft_s14_final.mp4||Hobbith&ouml;hlenfiasko|
minecraft|155|1|C:\Users\Justus\lprt\thumbnails\36_minecraft_thumbnail.png|C:/Users/Justus/Videos/2025-08-27 22-20-28.mp4|C:\Users\Justus\lprt\audio\36_minecraft_mic.aac|C:\Users\Justus\lprt\audio\36_minecraft_desktop.aac|C:\Users\Justus\lprt\audio_fixed\36_minecraft_track_mic_fixed.aac|C:\Users\Justus\lprt\audio_fixed\35_track_mic_fixed_ac.aac|C:\Users\Justus\lprt\video\36_minecraft_s14_final.mp4||Lageroptimierung|
minecraft|156|1|C:\Users\Justus\lprt\thumbnails\37_minecraft_thumbnail.png|C:/Users/Justus/Videos/2025-08-27 22-51-49.mp4|C:\Users\Justus\lprt\audio\37_minecraft_mic.aac|C:\Users\Justus\lprt\audio\37_minecraft_desktop.aac|C:\Users\Justus\lprt\audio_fixed\37_minecraft_track_mic_fixed.aac|C:\Users\Justus\lprt\audio_fixed\36_track_mic_fixed_ac.aac|C:\Users\Justus\lprt\video\37_minecraft_s14_final.mp4||Talarbeiten|
valheim|157|6||C:/Users/Justus/Videos/2025-08-31 21-04-36.mp4||||||||
valheim|158|6||C:/Users/Justus/Videos/2025-08-31 21-24-55.mp4||||||||
valheim|159|6||C:/Users/Justus/Videos/2025-08-31 21-53-43.mp4||||||||
valheim|160|6||C:/Users/Justus/Videos/2025-08-31 22-20-55.mp4||||||||
valheim|161|6||C:/Users/Justus/Videos/2025-08-31 22-42-36.mp4||||||||
valheim|162|6||C:/Users/Justus/Videos/2025-08-31 23-04-29.mp4||||||||
valheim|163|6||C:/Users/Justus/Videos/2025-08-31 23-25-41.mp4||||||||
valheim|164|6||C:/Users/Justus/Videos/2025-08-31 23-53-29.mp4||||||||
valheim|165|6||C:/Users/Justus/Videos/2025-09-01 00-14-38.mp4||||||||
valheim|166|6||C:/Users/Justus/Videos/2025-09-01 00-35-26.mp4||||||||
valheim|167|6||C:/Users/Justus/Videos/2025-09-01 01-04-10.mp4||||||||
valheim|168|6||C:/Users/Justus/Videos/2025-09-01 20-50-19.mp4||||||||
valheim|169|6||C:/Users/Justus/Videos/2025-09-01 21-12-27.mp4||||||||
valheim|170|6||C:/Users/Justus/Videos/2025-09-01 21-37-07.mp4||||||||
valheim|171|6||C:/Users/Justus/Videos/2025-09-01 22-02-19.mp4||||||||
valheim|172|6||C:/Users/Justus/Videos/2025-09-01 22-26-27.mp4||||||||
valheim|173|6||C:/Users/Justus/Videos/2025-09-01 22-48-06.mp4||||||||
valheim|174|6||C:/Users/Justus/Videos/2025-09-01 23-14-27.mp4||||||||
valheim|175|6||C:/Users/Justus/Videos/2025-09-01 23-38-28.mp4||||||||
valheim|176|6||C:/Users/Justus/Videos/2025-09-01 23-59-59.mp4||||||||
valheim|177|6||C:/Users/Justus/Videos/2025-09-02 00-27-19.mp4||||||||
valheim|178|6||C:/Users/Justus/Videos/2025-09-02 00-49-27.mp4||||||||
valheim|179|6||C:/Users/Justus/Videos/2025-09-02 01-11-45.mp4||||||||
valheim|180|6||C:/Users/Justus/Videos/2025-09-02 01-45-02.mp4||||||||
valheim|181|6||C:/Users/Justus/Videos/2025-09-02 02-05-43.mp4||||||||
valheim|182|6||C:/Users/Justus/Videos/2025-09-02 02-26-57.mp4||||||||
valheim|183|6||C:/Users/Justus/Videos/2025-09-02 22-28-17.mp4||||||||
valheim|184|6||C:/Users/Justus/Videos/2025-09-02 22-48-48.mp4||||||||
minecraft|185|1|C:\Users\Justus\lprt\thumbnails\38_minecraft_thumbnail.png|C:/Users/Justus/Videos/2025-09-03 21-21-27.mp4|C:\Users\Justus\lprt\audio\38_minecraft_mic.aac|C:\Users\Justus\lprt\audio\38_minecraft_desktop.aac|C:\Users\Justus\lprt\audio_fixed\38_minecraft_track_mic_fixed.aac|C:\Users\Justus\lprt\audio_fixed\37_track_mic_fixed_ac.aac|C:\Users\Justus\lprt\video\38_minecraft_s14_final.mp4||Trigger-Red oder so|
minecraft|186|1|C:\Users\Justus\lprt\thumbnails\39_minecraft_thumbnail.png|C:/Users/Justus/Videos/2025-09-03 21-48-04.mp4|C:\Users\Justus\lprt\audio\39_minecraft_mic.aac|C:\Users\Justus\lprt\audio\39_minecraft_desktop.aac|C:\Users\Justus\lprt\audio_fixed\39_minecraft_track_mic_fixed.aac|C:\Users\Justus\lprt\audio_fixed\38_track_mic_fixed_ac.aac|C:\Users\Justus\lprt\video\39_minecraft_s14_final.mp4||Fische sind B&Ouml;SE!|
minecraft|187|1|C:\Users\Justus\lprt\thumbnails\40_minecraft_thumbnail.png|C:/Users/Justus/Videos/2025-09-03 22-15-31.mp4|C:\Users\Justus\lprt\audio\40_minecraft_mic.aac|C:\Users\Justus\lprt\audio\40_minecraft_desktop.aac|C:\Users\Justus\lprt\audio_fixed\40_minecraft_track_mic_fixed.aac|C:\Users\Justus\lprt\audio_fixed\39_track_mic_fixed_ac.aac|C:\Users\Justus\lprt\video\40_minecraft_s14_final.mp4||Die Welt auskundschaften|
minecraft|188|1|C:\Users\Justus\lprt\thumbnails\41_minecraft_thumbnail.png|C:/Users/Justus/Videos/2025-09-03 22-25-50.mp4|C:\Users\Justus\lprt\audio\41_minecraft_mic.aac|C:\Users\Justus\lprt\audio\41_minecraft_desktop.aac|C:\Users\Justus\lprt\audio_fixed\41_minecraft_track_mic_fixed.aac|C:\Users\Justus\lprt\audio_fixed\40_track_mic_fixed_ac.aac|C:\Users\Justus\lprt\video\41_minecraft_s14_final.mp4||Mobspawnereskortenexport|
minecraft|189|1|C:\Users\Justus\lprt\thumbnails\41_minecraft_thumbnail.png|C:/Users/Justus/Videos/2025-09-03 22-35-53.mp4|C:\Users\Justus\lprt\audio\42_minecraft_mic.aac|C:\Users\Justus\lprt\audio\42_minecraft_desktop.aac|C:\Users\Justus\lprt\audio_fixed\42_minecraft_track_mic_fixed.aac|C:\Users\Justus\lprt\audio_fixed\41_track_mic_fixed_ac.aac|C:\Users\Justus\lprt\video\42_minecraft_s14_final.mp4||Epischer Heimweg... ist episch|
minecraft|190|1|C:\Users\Justus\lprt\thumbnails\43_minecraft_thumbnail.png|C:/Users/Justus/Videos/2025-09-03 22-46-01.mp4|C:\Users\Justus\lprt\audio\43_minecraft_mic.aac|C:\Users\Justus\lprt\audio\43_minecraft_desktop.aac|C:\Users\Justus\lprt\audio_fixed\43_minecraft_track_mic_fixed.aac|C:\Users\Justus\lprt\audio_fixed\42_track_mic_fixed_ac.aac|C:\Users\Justus\lprt\video\43_minecraft_s14_final.mp4||Schmerzen... Besser fr&uuml;h als sp&auml;t|
minecraft|191|1|C:\Users\Justus\lprt\thumbnails\44_minecraft_thumbnail.png|C:/Users/Justus/Videos/2025-09-03 22-56-13.mp4|C:\Users\Justus\lprt\audio\44_minecraft_mic.aac|C:\Users\Justus\lprt\audio\44_minecraft_desktop.aac|C:\Users\Justus\lprt\audio_fixed\44_minecraft_track_mic_fixed.aac|C:\Users\Justus\lprt\audio_fixed\43_track_mic_fixed_ac.aac|C:\Users\Justus\lprt\video\44_minecraft_s14_final.mp4||Krawattenwirtschaft|
minecraft|192|1|C:\Users\Justus\lprt\thumbnails\45_minecraft_thumbnail.png|C:/Users/Justus/Videos/2025-09-03 23-11-01.mp4|C:\Users\Justus\lprt\audio\45_minecraft_mic.aac|C:\Users\Justus\lprt\audio\45_minecraft_desktop.aac|C:\Users\Justus\lprt\audio_fixed\45_minecraft_track_mic_fixed.aac|C:\Users\Justus\lprt\audio_fixed\44_track_mic_fixed_ac.aac|C:\Users\Justus\lprt\video\45_minecraft_s14_final.mp4||Laternenklatsch & tratsch|
minecraft|193|1|C:\Users\Justus\lprt\thumbnails\46_minecraft_thumbnail.png|C:/Users/Justus/Videos/2025-09-03 23-21-29.mp4|C:\Users\Justus\lprt\audio\46_minecraft_mic.aac|C:\Users\Justus\lprt\audio\46_minecraft_desktop.aac|C:\Users\Justus\lprt\audio_fixed\46_minecraft_track_mic_fixed.aac|C:\Users\Justus\lprt\audio_fixed\45_track_mic_fixed_ac.aac|C:\Users\Justus\lprt\video\46_minecraft_s14_final.mp4||Eine kleine Dekorunde|
minecraft|194|1|C:\Users\Justus\lprt\thumbnails\47_minecraft_thumbnail.png|C:/Users/Justus/Videos/2025-09-03 23-32-30.mp4|C:\Users\Justus\lprt\audio\47_minecraft_mic.aac|C:\Users\Justus\lprt\audio\47_minecraft_desktop.aac|C:\Users\Justus\lprt\audio_fixed\47_minecraft_track_mic_fixed.aac|C:\Users\Justus\lprt\audio_fixed\46_track_mic_fixed_ac.aac||||
valheim|196|6||C:/Users/Justus/Videos/2025-09-04 00-13-33.mp4||||||||
valheim|197|6||C:/Users/Justus/Videos/2025-09-04 00-40-35.mp4||||||||
valheim|198|6||C:/Users/Justus/Videos/2025-09-04 01-01-21.mp4||||||||
valheim|199|6||C:/Users/Justus/Videos/2025-09-04 01-21-41.mp4||||||||
valheim|200|6||C:/Users/Justus/Videos/2025-09-04 01-45-39.mp4||||||||
valheim|201|6||C:/Users/Justus/Videos/2025-09-04 02-07-18.mp4||||||||
valheim|202|6||C:/Users/Justus/Videos/2025-09-04 02-38-13.mp4||||||||
valheim|203|6||C:/Users/Justus/Videos/2025-09-04 20-35-37.mp4||||||||
valheim|204|6||C:/Users/Justus/Videos/2025-09-04 20-56-51.mp4||||||||
valheim|205|6||C:/Users/Justus/Videos/2025-09-04 21-26-32.mp4||||||||
valheim|206|6||C:/Users/Justus/Videos/2025-09-04 21-47-52.mp4||||||||
valheim|207|6||C:/Users/Justus/Videos/2025-09-04 22-10-06.mp4||||||||
valheim|208|6||C:/Users/Justus/Videos/2025-09-04 22-41-28.mp4||||||||
valheim|209|6||C:/Users/Justus/Videos/2025-09-04 23-02-24.mp4||||||||
valheim|210|6||C:/Users/Justus/Videos/2025-09-04 23-22-20.mp4||||||||
valheim|211|6||C:/Users/Justus/Videos/2025-09-04 23-53-20.mp4||||||||
valheim|212|6||C:/Users/Justus/Videos/2025-09-05 00-15-05.mp4||||||||
valheim|213|6||C:/Users/Justus/Videos/2025-09-05 00-35-14.mp4||||||||
valheim|214|6||C:/Users/Justus/Videos/2025-09-05 22-28-10.mp4||||||||
valheim|215|6||C:/Users/Justus/Videos/2025-09-05 22-48-13.mp4||||||||
valheim|216|6||C:/Users/Justus/Videos/2025-09-05 23-11-12.mp4||||||||
valheim|217|6||C:/Users/Justus/Videos/2025-09-05 23-37-57.mp4||||||||
valheim|218|6||C:/Users/Justus/Videos/2025-09-06 00-00-14.mp4||||||||
valheim|219|6||C:/Users/Justus/Videos/2025-09-06 00-29-07.mp4||||||||
valheim|220|6||C:/Users/Justus/Videos/2025-09-06 00-50-58.mp4||||||||
valheim|221|6||C:/Users/Justus/Videos/2025-09-06 01-47-21.mp4||||||||
valheim|222|6||C:/Users/Justus/Videos/2025-09-06 02-08-23.mp4||||||||
valheim|223|6||C:/Users/Justus/Videos/2025-09-06 02-28-49.mp4||||||||
valheim|224|6||C:/Users/Justus/Videos/2025-09-06 02-50-20.mp4||||||||
valheim|225|6||C:/Users/Justus/Videos/2025-09-06 03-16-32.mp4||||||||
valheim|226|6||C:/Users/Justus/Videos/2025-09-06 03-39-59.mp4||||||||
valheim|227|6||C:/Users/Justus/Videos/2025-09-06 04-03-06.mp4||||||||
valheim|228|6||C:/Users/Justus/Videos/2025-09-09 12-44-41.mp4||||||||
valheim|229|6||C:/Users/Justus/Videos/2025-09-09 13-06-26.mp4||||||||
valheim|230|6||C:/Users/Justus/Videos/2025-09-09 13-28-25.mp4||||||||
valheim|231|6||C:/Users/Justus/Videos/2025-09-09 13-57-24.mp4||||||||
valheim|232|6||C:/Users/Justus/Videos/2025-09-09 14-19-40.mp4||||||||
valheim|233|6||C:/Users/Justus/Videos/2025-09-09 14-47-37.mp4||||||||
valheim|234|6||C:/Users/Justus/Videos/2025-09-09 15-19-30.mp4||||||||
valheim|235|6||C:/Users/Justus/Videos/2025-09-09 15-39-20.mp4||||||||
valheim|236|6||C:/Users/Justus/Videos/2025-09-09 16-01-30.mp4||||||||
valheim|237|6||C:/Users/Justus/Videos/2025-09-09 16-23-35.mp4||||||||
test123|238|8||C:/Users/Justus/Videos/2025-09-09 18-51-39.mp4||||||||
valheim|239|6||C:/Users/Justus/Videos/2025-09-09 21-56-45.mp4||||||||
valheim|240|6||C:/Users/Justus/Videos/2025-09-09 22-18-48.mp4||||||||
valheim|241|6||C:/Users/Justus/Videos/2025-09-09 22-38-24.mp4||||||||
valheim|242|6||C:/Users/Justus/Videos/2025-09-09 23-08-56.mp4||||||||
thief_simulator|243|9||C:/Users/Justus/Videos/2025-09-09 23-57-48.mp4||||||||
thief_simulator|244|9||C:/Users/Justus/Videos/2025-09-10 00-13-30.mp4||||||||
minecraft|245|1||C:/Users/Justus/Videos/2025-09-11 22-26-57.mp4||||||||
minecraft|246|1||C:/Users/Justus/Videos/2025-09-11 22-37-57.mp4||||||||
minecraft|247|1||C:/Users/Justus/Videos/2025-09-11 22-48-00.mp4||||||||
minecraft|248|1||C:/Users/Justus/Videos/2025-09-11 22-59-04.mp4||||||||
minecraft|249|1||C:/Users/Justus/Videos/2025-09-11 23-21-51.mp4||||||||
minecraft|250|1||C:/Users/Justus/Videos/2025-09-11 23-33-22.mp4||||||||
minecraft|251|1||C:/Users/Justus/Videos/2025-09-11 23-43-17.mp4||||||||
minecraft|252|1||C:/Users/Justus/Videos/2025-09-12 00-01-07.mp4||||||||
minecraft|253|1||C:/Users/Justus/Videos/2025-09-12 00-12-17.mp4||||||||
minecraft|254|1||C:/Users/Justus/Videos/2025-09-12 00-32-27.mp4||||||||
minecraft|255|1||C:/Users/Justus/Videos/2025-09-12 01-23-30.mp4||||||||
minecraft|256|1||C:/Users/Justus/Videos/2025-09-12 01-33-46.mp4||||||||
minecraft|257|1||C:/Users/Justus/Videos/2025-09-12 01-48-28.mp4||||||||
minecraft|258|1||C:/Users/Justus/Videos/2025-09-12 02-00-42.mp4||||||||
